id;title;description;order_nr;xp
1;National Corner matrix;Principal;46247;88101
2;Awesome Cotton Gloves;Planner Personal Loan Account Senior;66601;67640
3;applications Customer Alabama;synergistic Tasty;53625;99190
4;Sausages;Tasty Jewelery azure;37443;85058
5;Papua New Guinea Factors e-business;whiteboard;70042;9891
6;capacity primary payment;Awesome Generic;26706;61465
7;knowledge base Benin Refined Granite Pizza;Director PNG Chile;99241;44867
8;Program;Dynamic;51010;48970
9;Iraqi Dinar Georgia New Mexico;Chicken virtual infrastructures;36646;6732
10;generating Alaska;primary;70361;84038
